county,rating,avg_census,avg_b_avail
CTY_A,1,10.1,1.5
,2,20.2,2.5
,3,30.3,3.5
,4,40.4,4.5
,5,50.4,5.5
CTY_B,1,121.7427536,10.59057
,2,104.84,19.3452
,3,109.3456,47.84545
,4,147.5815,12.418471
,5,119.2345,317.6765
CTY_C,1,100.1,10.5
,2,200.2,20.5
,3,300.3,30.5
,4,400.4,40.5
,5,500.4,50.5
